type,attribute_set,tax_class_id,status,sku,name,price,description,short_description,visibility,price
simple,Tableware,none,Enabled,425101,"Sweet at 1 Birthday Girl Lunch Plates 9"" - 8ct",,"Loveable zoo animals will make the birthday girl smile with delight! These coordinating dinner size plates are perfect for a meal or party snacks, and make clean up a snap.",none,"Catalogue,Search",215
simple,Tableware,none,Enabled,415101,"Sweet at 1 Birthday Girl Snack Plates 7"" - 8ct",,Loveable zoo animals will make the birthday girl smile with delight! Coordinating luncheon size plates are perfect for snacks and cake or dessert.,none,"Catalogue,Search",175
simple,Tableware,none,Enabled,665101,Sweet at 1 Birthday Girl Lunch Napkins - 16ct,,Loveable zoo animals will make the birthday girl smile with delight! Our coordinating lunch napkins are strong enough for any mess!,none,"Catalogue,Search",215
simple,Tableware,none,Enabled,375101,Sweet at 1 Birthday Girl Paper Cups - 8ct,,Loveable zoo animals will make the birthday girl smile with delight! Coordinating hot/cold cups make party set up and clean up a snap.,none,"Catalogue,Search",199
simple,Tableware,none,Enabled,725101,"Sweet at 1 Birthday Girl Plastic Table Cover - 54"" x 108""",,Loveable zoo animals will make the birthday girl smile with delight! Our coordinating tablecovers help set the scene for the party!,none,"Catalogue,Search",450
simple,Decoration,none,Enabled,295101,Sweet at 1 Birthday Girl Giant Banner - Over 5ft,,"Loveable zoo animals will make the birthday girl smile with delight! This giant party banner features pink, green, brown and white stripes, an elephant and zebra, and the words ""happy 1st birthday"". Includes stickers to add the birthday girl's name! Each package contains 1 giant party banner.",none,"Catalogue,Search",499
simple,Decoration,none,Enabled,995101,Sweet at 1 Birthday Girl Dangling Cutout - 3ct,,Loveable zoo animals will make the birthday girl smile with delight! Coordinating cutouts add extra flair to the party's atmosphere.,none,"Catalogue,Search",299
simple,Tableware,none,Enabled,425100,Sweet at 1 Birthday Boy Lunch Plates - 8ct,,"Blue Stripes and loveable zoo animals will make the birthday boy smile with delight! These coordinating dinner size plates are perfect for a meal or party snacks, and make clean up a snap!",none,"Catalogue,Search",215
simple,Decoration,none,Enabled,145101,Sweet at 1 Birthday Girl Yard Sign,,Loveable zoo animals will make the birthday girl smile with delight! This fun yard sign lets guests know exactly where the celebration is taking place.,none,"Catalogue,Search",450
simple,Tableware,none,Enabled,415100,"Sweet at 1 Birthday Boy Snack Plates 7"" - 8ct",,Blue Stripes and loveable zoo animals will make the birthday boy smile with delight! Coordinating luncheon size plates are perfect for snacks and cake or dessert.,none,"Catalogue,Search",175
simple,Tableware,none,Enabled,665100,Sweet at 1 Birthday Boy Lunch Napkins - 16ct,,Blue Stripes and loveable zoo animals will make the birthday boy smile with delight! Our coordinating lunch napkins are strong enough for any mess!,none,"Catalogue,Search",225
simple,Tableware,none,Enabled,375100,Sweet at 1 Birthday Boy 9oz Paper Cups  - 8CT,,Blue Stripes and loveable zoo animals will make the birthday boy smile with delight! Coordinating hot/cold cups make party set up and clean up a snap.,none,"Catalogue,Search",199
simple,Tableware,none,Enabled,725100,"Sweet at 1 Birthday Boy Plastic Tablecover - 54"" x 108""",,Blue Stripes and loveable zoo animals will make the birthday boy smile with delight! Our coordinating tablecovers help set the scene for the party!,none,"Catalogue,Search",475
simple,Decoration,none,Enabled,295100,Sweet at 1 Birthday Boy Giant Banner - Over 5ft,,"Blue Stripes and loveable zoo animals will make the birthday boy smile with delight! This coordinating party banner is great for decorating doors, mantels and walls, keeping the party atmosphere festive.",none,"Catalogue,Search",550
simple,Decoration,none,Enabled,995100,Printed Hanging Cutout,,Blue Stripes and loveable zoo animals will make the birthday boy smile with delight! Coordinating cutouts add extra flair to the party's atmosphere.,none,"Catalogue,Search",299
simple,Decoration,none,Enabled,145100,Sweet at 1 Birthday Boy Yard Sign,,Blue Stripes and loveable zoo animals will make the birthday boy smile with delight! This fun yard sign lets guests know exactly where the celebration is taking place!,none,"Catalogue,Search",450
simple,Decoration,none,Enabled,295011,Cupcake Letter Banner,,"Perfect for kids of all ages, our Sweet Treats pattern poses cute cupcakes with polka dots and stripes for birthday celebrations with sweet style. This coordinating party banner is great for decorating doors, mantels and walls, keeping the party atmosphere festive.",none,"Catalogue,Search",349
simple,Tableware,none,Enabled,425103,Her Highness Dinner Plates - 8ct,,"There is no doubt who is the Princess of her special day with this regal design. These coordinating dinner size plates are perfect for a meal or party snacks, and make clean up a snap!",none,"Catalogue,Search",215
simple,Tableware,none,Enabled,375103,Her Highness 9oz Cups - 8ct,,There is no doubt who is the Princess of her special day with this regal design. Coordinating hot/cold cups make party set up and clean up a snap.,none,"Catalogue,Search",199
simple,Tableware,none,Enabled,725103,Her Highness Rectangular Tablecover 54' x 108',,There is no doubt who is the Princess of her special day with this regal design. Our coordinating tablecovers help set the scene for the party!,none,"Catalogue,Search",475
simple,Accessory,none,Enabled,205103,Her Highness Child Size Hat - 8ct,,There is no doubt who is the Princess of her special day with this regal design. Our adorable party hats make great accessories for birthday celebrations!,none,"Catalogue,Search",199
simple,Accessory,none,Enabled,209103,Her Higness Paper Tiara w/Glitter - 8ct,,There is no doubt who is the Princess of her special day with this regal design. Our stylish glitter tiara lets the birthday girl shine!,none,"Catalogue,Search",399
simple,Decoration,none,Enabled,295015,Sweet 16 Letter Banner ,,"The Sweet Sixteen look comes together in a coordinating style that captures every girl's personality: frilly, feminine, fabulous and funky! This coordinating party banner is great for decorating doors, mantels and walls, keeping the party atmosphere festive.",none,"Catalogue,Search",350
simple,Decoration,none,Enabled,295015,Sweet 16 Letter Banner ,,"The Sweet Sixteen look comes together in a coordinating style that captures every girl's personality: frilly, feminine, fabulous and funky! This coordinating party banner is great for decorating doors, mantels and walls, keeping the party atmosphere festive.",none,"Catalogue,Search",350
simple,Tableware,none,Enabled,425954,Fairytale Princess Dinner Plates - 8ct,,"A magical celebration for her is in store with our Fairytale Princess collection. These coordinating dinner size plates are perfect for a meal or party snacks, and make clean up a snap!",none,"Catalogue,Search",215
simple,Tableware,none,Enabled,661954,Fairytale Princess Lunch Napkins - 16ct,,A magical celebration for her is in store with our Fairytale Princess collection. Our coordinating lunch napkins are strong enough for any mess!,none,"Catalogue,Search",215
simple,Tableware,none,Enabled,375954,Fairytale Princess 9oz Cups - 8ct,,A magical celebration for her is in store with our Fairytale Princess collection. Coordinating hot/cold cups make party set up and clean up a snap.,none,"Catalogue,Search",199
simple,Accessory,none,Enabled,195954,Pin the Fairytale Princess Game,,A magical celebration for her is in store with our Fairytale Princess collection. Coordinating party games are a fun way to keep guests entertained!,none,"Catalogue,Search",550
simple,Accessory,none,Enabled,895954,Fairytale Princess Invitation Card - 8ct,,A magical celebration for her is in store with our Fairytale Princess collection. Coordinating party invitations make it easy for hosts to keep the theme throughout the entire celebration!,none,"Catalogue,Search",399
simple,Accessory,none,Enabled,105954,Fairytale Princess Pick Candle,,A magical celebration for her is in store with our Fairytale Princess collection. Coordinated candles make the cake part of the theme.,none,"Catalogue,Search",299
simple,Tableware,none,Enabled,425130,Big Top Birthday Dinner Plates - 8ct,,"Our fun Big Top Birthday ensemble brings the circus right to the party! These coordinating dinner size plates are perfect for a meal or party snacks, and make clean up a snap!",none,"Catalogue,Search",249
simple,Tableware,none,Enabled,415130,Big Top Birthday Dessert Plates - 8ct,,Our fun Big Top Birthday ensemble brings the circus right to the party! Coordinating luncheon size plates are perfect for snacks and cake or dessert.,none,"Catalogue,Search",199
simple,Tableware,none,Enabled,660030,Big Top Birthday Lunch Napkins - 16ct,,Our fun Big Top Birthday ensemble brings the circus right to the party! Our coordinating lunch napkins are strong enough for any mess!,none,"Catalogue,Search",225
simple,Tableware,none,Enabled,655130,Big Top Birthday Beverage Napkins - 16ct,,Our fun Big Top Birthday ensemble brings the circus right to the party! Coordinating beverage napkins are perfectly paired with larger napkins or great on their own when a larger napkin is not needed.,none,"Catalogue,Search",199
simple,Tableware,none,Enabled,375130,Big Top Birthday 9oz Cups - 8ct,,Our fun Big Top Birthday ensemble brings the circus right to the party! Coordinating hot/cold cups make party set up and clean up a snap.,none,"Catalogue,Search",199
simple,Tableware,none,Enabled,725130,Big Top Tablecover 54' x 108',,Our fun Big Top Birthday ensemble brings the circus right to the party! Our coordinating tablecovers help set the scene for the party!,none,"Catalogue,Search",475
simple,Decoration,none,Enabled,295130,Big Top Birthday Letter Banner,,"Our fun Big Top Birthday ensemble brings the circus right to the party! This coordinating party banner is great for decorating doors, mantels and walls, keeping the party atmosphere festive.",none,"Catalogue,Search",349
simple,Decoration,none,Enabled,299130,Big Top Giant Birthday Banner,,"Our fun Big Top Birthday ensemble brings the circus right to the party! This coordinating party banner is great for decorating doors, mantels and walls, keeping the party atmosphere festive.",none,"Catalogue,Search",550
simple,Accessory,none,Enabled,890130,Big Top Birthday Invites - 8ct,,Our fun Big Top Birthday ensemble brings the circus right to the party! Coordinating Thank You cards allow hosts to keep the theme throughout the entire celebration and beyond!,none,"Catalogue,Search",299
simple,Favor,none,Enabled,190030,Big Top Mini Wheels,,Our fun Big Top Birthday ensemble brings the circus right to the party! These coordinating pinwheels will keep kids entertained at the party!,none,"Catalogue,Search",299
simple,Favor,none,Enabled,291030,Big Top Photo Op Banner,,Our fun Big Top Birthday ensemble brings the circus right to the party! Create a photo opportunity with this banner!,none,"Catalogue,Search",599
simple,Decoration,none,Enabled,265130,Big Tip Birthday Standup Centerpiece,,Our fun Big Top Birthday ensemble brings the circus right to the party! A coordinating centerpiece dresses up tablescapes while making a big party statement.,none,"Catalogue,Search",375
simple,Favor,none,Enabled,199130,Big Top Birthday Paper Masks - 8ct,,Our fun Big Top Birthday ensemble brings the circus right to the party! Paper masks make for fun party accessories.,none,"Catalogue,Search",249
simple,Accessory,none,Enabled,205130,Big Top Birthday Child Size Hats - 8ct,,Our fun Big Top Birthday ensemble brings the circus right to the party! Our adorable party hats make great accessories for birthday celebrations!,none,"Catalogue,Search",199
simple,Accessory,none,Enabled,991130,Big Top Birthday Hat Kit - 8ct,,Our fun Big Top Birthday ensemble brings the circus right to the party! Our coordinating hat decorating kit is a fun party activity for kids!,none,"Catalogue,Search",499
simple,Tableware,none,Enabled,425040,Barn Shaped Dinner Plates - 8ct,,Adorable barnyard animals make the party extra memorable! Shaped plates are a party favorite.,none,"Catalogue,Search",350
simple,Tableware,none,Enabled,425040,Barn Shaped Dinner Plates - 8ct,,Adorable barnyard animals make the party extra memorable! Shaped plates are a party favorite.,none,"Catalogue,Search",350
simple,Tableware,none,Enabled,669040,Barnyard Lunch Napkins - 16ct,,Adorable barnyard animals make the party extra memorable! Our coordinating lunch napkins are strong enough for any mess!,none,"Catalogue,Search",250
simple,Tableware,none,Enabled,669040,Barnyard Lunch Napkins - 16ct,,Adorable barnyard animals make the party extra memorable! Our coordinating lunch napkins are strong enough for any mess!,none,"Catalogue,Search",250
simple,Decoration,none,Enabled,295040,Barnyard Letter Banner,,"Adorable barnyard animals make the party extra memorable! This coordinating party banner is great for decorating doors, mantels and walls, keeping the party atmosphere festive.",none,"Catalogue,Search",349
simple,Decoration,none,Enabled,295040,Barnyard Letter Banner,,"Adorable barnyard animals make the party extra memorable! This coordinating party banner is great for decorating doors, mantels and walls, keeping the party atmosphere festive.",none,"Catalogue,Search",349
simple,Decoration,none,Enabled,290540,Giant Birthday Banner Barnyard,,"Adorable barnyard animals make the party extra memorable! This coordinating party banner is great for decorating doors, mantels and walls, keeping the party atmosphere festive.",none,"Catalogue,Search",550
simple,Decoration,none,Enabled,290540,Giant Birthday Banner Barnyard,,"Adorable barnyard animals make the party extra memorable! This coordinating party banner is great for decorating doors, mantels and walls, keeping the party atmosphere festive.",none,"Catalogue,Search",550
simple,Decoration,none,Enabled,995040,Barnyard Hanging Cutouts - 3ct,,Adorable barnyard animals make the party extra memorable! Coordinating cutouts add extra flair to the party's atmosphere.,none,"Catalogue,Search",299
simple,Decoration,none,Enabled,995040,Barnyard Hanging Cutouts - 3ct,,Adorable barnyard animals make the party extra memorable! Coordinating cutouts add extra flair to the party's atmosphere.,none,"Catalogue,Search",299
simple,Decoration,none,Enabled,991540,Barnyard Animal Cutouts,,Adorable barnyard animals make the party extra memorable! Coordinating cutouts add extra flair to the party's atmosphere.,none,"Catalogue,Search",199
simple,Decoration,none,Enabled,991540,Barnyard Animal Cutouts,,Adorable barnyard animals make the party extra memorable! Coordinating cutouts add extra flair to the party's atmosphere.,none,"Catalogue,Search",199
simple,Decoration,none,Enabled,265040,Barnyard Centerpiece,,Adorable barnyard animals make the party extra memorable! A coordinating centerpiece dresses up tablescapes while making a big party statement.,none,"Catalogue,Search",350
simple,Decoration,none,Enabled,265040,Barnyard Centerpiece,,Adorable barnyard animals make the party extra memorable! A coordinating centerpiece dresses up tablescapes while making a big party statement.,none,"Catalogue,Search",350
simple,Candle,none,Enabled,105040,Barnyard Molded Candle,,Adorable barnyard animals make the party extra memorable! Coordinated candles make the cake part of the theme.,none,"Catalogue,Search",250
simple,Candle,none,Enabled,105040,Barnyard Molded Candle,,Adorable barnyard animals make the party extra memorable! Coordinated candles make the cake part of the theme.,none,"Catalogue,Search",250
simple,Decoration,none,Enabled,295014,Happy Birthday Letter Banner Adult Birthday,,"Our humorous Holy Bleep ensemble will be the talk of the party! This coordinating party banner is great for decorating doors, mantels and walls, keeping the party atmosphere festive.",none,"Catalogue,Search",399
simple,Decoration,none,Enabled,295014,Happy Birthday Letter Banner Adult Birthday,,"Our humorous Holy Bleep ensemble will be the talk of the party! This coordinating party banner is great for decorating doors, mantels and walls, keeping the party atmosphere festive.",none,"Catalogue,Search",399
simple,Decoration,none,Enabled,295014,Happy Birthday Letter Banner Adult Birthday,,"Our humorous Holy Bleep ensemble will be the talk of the party! This coordinating party banner is great for decorating doors, mantels and walls, keeping the party atmosphere festive.",none,"Catalogue,Search",399
simple,Decoration,none,Enabled,295014,Happy Birthday Letter Banner Adult Birthday,,"Our humorous Holy Bleep ensemble will be the talk of the party! This coordinating party banner is great for decorating doors, mantels and walls, keeping the party atmosphere festive.",none,"Catalogue,Search",399
simple,Decoration,none,Enabled,291488,Happy Birthday Giant Banner Adult Birthday,,"This fun rainbow-themed birthday design is great for celebrations of all ages! This coordinating party banner is great for decorating doors, mantels and walls, keeping the party atmosphere festive.",none,"Catalogue,Search",475
simple,Decoration,none,Enabled,291488,Happy Birthday Giant Banner Adult Birthday,,"This fun rainbow-themed birthday design is great for celebrations of all ages! This coordinating party banner is great for decorating doors, mantels and walls, keeping the party atmosphere festive.",none,"Catalogue,Search",475
simple,Decoration,none,Enabled,291488,Happy Birthday Giant Banner Adult Birthday,,"This fun rainbow-themed birthday design is great for celebrations of all ages! This coordinating party banner is great for decorating doors, mantels and walls, keeping the party atmosphere festive.",none,"Catalogue,Search",475
simple,Decoration,none,Enabled,291488,Happy Birthday Giant Banner Adult Birthday,,"This fun rainbow-themed birthday design is great for celebrations of all ages! This coordinating party banner is great for decorating doors, mantels and walls, keeping the party atmosphere festive.",none,"Catalogue,Search",475
simple,Decoration,none,Enabled,145488,Happy Birthday Door Sign Banner,,This fun rainbow-themed birthday design is great for celebrations of all ages! This fun door sign lets guests know exactly where the celebration is taking place!,none,"Catalogue,Search",399
simple,Decoration,none,Enabled,145488,Happy Birthday Door Sign Banner,,This fun rainbow-themed birthday design is great for celebrations of all ages! This fun door sign lets guests know exactly where the celebration is taking place!,none,"Catalogue,Search",399
simple,Decoration,none,Enabled,145488,Happy Birthday Door Sign Banner,,This fun rainbow-themed birthday design is great for celebrations of all ages! This fun door sign lets guests know exactly where the celebration is taking place!,none,"Catalogue,Search",399
simple,Decoration,none,Enabled,145488,Happy Birthday Door Sign Banner,,This fun rainbow-themed birthday design is great for celebrations of all ages! This fun door sign lets guests know exactly where the celebration is taking place!,none,"Catalogue,Search",399
simple,Decoration,none,Enabled,141488,Happy Birthday Yard Sign Adult Birthday,,This fun rainbow-themed birthday design is great for celebrations of all ages! This fun yard sign lets guests know exactly where the celebration is taking place!,none,"Catalogue,Search",450
simple,Decoration,none,Enabled,141488,Happy Birthday Yard Sign Adult Birthday,,This fun rainbow-themed birthday design is great for celebrations of all ages! This fun yard sign lets guests know exactly where the celebration is taking place!,none,"Catalogue,Search",450
simple,Decoration,none,Enabled,141488,Happy Birthday Yard Sign Adult Birthday,,This fun rainbow-themed birthday design is great for celebrations of all ages! This fun yard sign lets guests know exactly where the celebration is taking place!,none,"Catalogue,Search",450
simple,Decoration,none,Enabled,141488,Happy Birthday Yard Sign Adult Birthday,,This fun rainbow-themed birthday design is great for celebrations of all ages! This fun yard sign lets guests know exactly where the celebration is taking place!,none,"Catalogue,Search",450
simple,Tableware,none,Enabled,425488,Happy Birthday Candles Lunch Plates - 8ct,,"This fun rainbow-themed birthday design is great for celebrations of all ages! These coordinating dinner size plates are perfect for a meal or party snacks, and make clean up a snap!",none,"Catalogue,Search",215
simple,Tableware,none,Enabled,655488,Happy Birthday Beverage Napkins - 16ct,,This fun rainbow-themed birthday design is great for celebrations of all ages! Coordinating beverage napkins are perfectly paired with larger napkins or great on their own when a larger napkin is not needed.,none,"Catalogue,Search",199
simple,Tableware,none,Enabled,375488,Happy Birthday 9oz Cups - 8ct,,This fun rainbow-themed birthday design is great for celebrations of all ages! Coordinating hot/cold cups make party set up and clean up a snap.,none,"Catalogue,Search",199
simple,Tableware,none,Enabled,665087,Life is Great @ 50 Lunch Napkins - 16ct,,Life is Great with this fun and festive birthday design! Our coordinating lunch napkins are strong enough for any mess!,none,"Catalogue,Search",209
simple,Decoration,none,Enabled,260630,Casino Mobile Centerpiece Red & Black,,"Casual bridge luncheons, poker parties and casino nights are transformed with our Card Night design. A coordinating centerpiece dresses up tablescapes while making a big party statement.",none,"Catalogue,Search",350
simple,Decoration,none,Enabled,268630,Casino Party Centerpiece,,"Casual bridge luncheons, poker parties and casino nights are transformed with our Card Night design. A coordinating centerpiece dresses up tablescapes while making a big party statement.",none,"Catalogue,Search",450
simple,Tableware,none,Enabled,437672,Parenthood 10.25' Square Paper Plates - 8ct,,Our trendy and stylish Parenthood design is perfect for the a playful shower. These coordinating banquet size plates are great for large meals!,none,"Catalogue,Search",350
simple,Tableware,none,Enabled,417672,Parenthood 7' Desser Paper Plates - 8ct,,Our trendy and stylish Parenthood design is perfect for the a playful shower. Coordinating luncheon size plates are perfect for snacks and cake or dessert.,none,"Catalogue,Search",199
simple,Tableware,none,Enabled,667672,Parenthood Lunch Napkins - 16ct,,Our trendy and stylish Parenthood design is perfect for the a playful shower. Our coordinating lunch napkins are strong enough for any mess!,none,"Catalogue,Search",250
simple,Tableware,none,Enabled,377672,Parenthood 9oz Cups - 8ct,,Our trendy and stylish Parenthood design is perfect for the a playful shower. Coordinating hot/cold cups make party set up and clean up a snap.,none,"Catalogue,Search",199
simple,Tableware,none,Enabled,727672,Parenthood Tablecover 54' x 108',,Our trendy and stylish Parenthood design is perfect for the a playful shower. Our fun yard signs let guests know exactly where the celebration is taking place!,none,"Catalogue,Search",475
simple,Decoration,none,Enabled,297672,Parenthood Giant Party Banner,,"Our trendy and stylish Parenthood design is perfect for the a playful shower. This coordinating party banner is great for decorating doors, mantels and walls, keeping the party atmosphere festive.",none,"Catalogue,Search",550
simple,Decoration,none,Enabled,291514,Baby Clothes Giant Party Banner w/Attachment,,"Our adorable Baby Clothes ensemble is an extra sweet addition to any baby shower. This coordinating party banner is great for decorating doors, mantels and walls, keeping the party atmosphere festive.",none,"Catalogue,Search",650
simple,Decoration,none,Enabled,291514,Baby Clothes Giant Party Banner w/Attachment,,"Our adorable Baby Clothes ensemble is an extra sweet addition to any baby shower. This coordinating party banner is great for decorating doors, mantels and walls, keeping the party atmosphere festive.",none,"Catalogue,Search",650
simple,Decoration,none,Enabled,291514,Baby Clothes Giant Party Banner w/Attachment,,"Our adorable Baby Clothes ensemble is an extra sweet addition to any baby shower. This coordinating party banner is great for decorating doors, mantels and walls, keeping the party atmosphere festive.",none,"Catalogue,Search",650
simple,Decoration,none,Enabled,291514,Baby Clothes Giant Party Banner w/Attachment,,"Our adorable Baby Clothes ensemble is an extra sweet addition to any baby shower. This coordinating party banner is great for decorating doors, mantels and walls, keeping the party atmosphere festive.",none,"Catalogue,Search",650
simple,Decoration,none,Enabled,297514,Baby Clothes Flag Banner,,"Our adorable Baby Clothes ensemble is an extra sweet addition to any baby shower. This coordinating flag banner is great for decorating doors, mantels and walls, keeping the party atmosphere festive.",none,"Catalogue,Search",450
simple,Decoration,none,Enabled,297514,Baby Clothes Flag Banner,,"Our adorable Baby Clothes ensemble is an extra sweet addition to any baby shower. This coordinating flag banner is great for decorating doors, mantels and walls, keeping the party atmosphere festive.",none,"Catalogue,Search",450
simple,Decoration,none,Enabled,297514,Baby Clothes Flag Banner,,"Our adorable Baby Clothes ensemble is an extra sweet addition to any baby shower. This coordinating flag banner is great for decorating doors, mantels and walls, keeping the party atmosphere festive.",none,"Catalogue,Search",450
simple,Decoration,none,Enabled,297514,Baby Clothes Flag Banner,,"Our adorable Baby Clothes ensemble is an extra sweet addition to any baby shower. This coordinating flag banner is great for decorating doors, mantels and walls, keeping the party atmosphere festive.",none,"Catalogue,Search",450
simple,Accessory,none,Enabled,85101,Sweet at 1 Girls Birthday Loot Bag - 8ct,,Loveable zoo animals will make the birthday girl smile with delight! Our coordinating loot bags feature a handle for easy carrying and plenty of space for party favors and candy!,none,"Catalogue,Search",175
simple,Accessory,none,Enabled,85100,Sweet at 1 Boy's Birthday Loot Bag - 8ct,,Blue Stripes and loveable zoo animals will make the birthday boy smile with delight! Our coordinating loot bags feature a handle for easy carrying and plenty of space for party favors and candy!,none,"Catalogue,Search",175
simple,Accessory,none,Enabled,85103,Her Highness Loot Bag - 8ct,,There is no doubt who is the Princess of her special day with this regal design. Our coordinating loot bags feature a handle for easy carrying and plenty of space for party favors and candy!,none,"Catalogue,Search",199
simple,Favor,none,Enabled,10954,Wand w/Stuffed Crown,,A magical celebration for her is in store with our Fairytale Princess collection. Coordinating party wearables add fun to childrens' themed celebrations!,none,"Catalogue,Search",275
simple,Decoration,none,Enabled,39806,"Mod Butterflies 7.5"" Assorted Lanterns",,Butterflies bring a little girl's birthday party to life! Decorate the party with these lanterns printed in mod patterns!,none,"Catalogue,Search",450
simple,Decoration,none,Enabled,39806,"Mod Butterflies 7.5"" Assorted Lanterns",,Butterflies bring a little girl's birthday party to life! Decorate the party with these lanterns printed in mod patterns!,none,"Catalogue,Search",450
simple,Decoration,none,Enabled,35130,Big Top Birthday Paper Garland,,Our fun Big Top Birthday ensemble brings the circus right to the party! Deck the party halls with coordinating garland.,none,"Catalogue,Search",349
simple,Accessory,none,Enabled,85130,Big Top Birthday Loot Bag - 8ct,,Our fun Big Top Birthday ensemble brings the circus right to the party! Our coordinating loot bags feature a handle for easy carrying and plenty of space for party favors and candy!,none,"Catalogue,Search",209
simple,Decoration,none,Enabled,35040,Barnyard Paper Garland,,Adorable barnyard animals make the party extra memorable! Deck the party halls with coordinating garland.,none,"Catalogue,Search",299
simple,Decoration,none,Enabled,35040,Barnyard Paper Garland,,Adorable barnyard animals make the party extra memorable! Deck the party halls with coordinating garland.,none,"Catalogue,Search",299
simple,Decoration,none,Enabled,85040,Barnyard Fun Loot Bags - 8ct,,Adorable barnyard animals make the party extra memorable! Our coordinating loot bags feature a handle for easy carrying and plenty of space for party favors and candy!,none,"Catalogue,Search",209
simple,Decoration,none,Enabled,85040,Barnyard Fun Loot Bags - 8ct,,Adorable barnyard animals make the party extra memorable! Our coordinating loot bags feature a handle for easy carrying and plenty of space for party favors and candy!,none,"Catalogue,Search",209
simple,Decoration,none,Enabled,30083,Happy Birthday Cascade Centerpiece,,A great Table Decoration Centerpiece for all Birthday Parties,none,"Catalogue,Search",399
simple,Favor,none,Enabled,94001,Happy Birthday Boy Sash,,Wearables,none,"Catalogue,Search",350
simple,Favor,none,Enabled,94000,Happy Birthday Girl Sash,,Wearables,none,"Catalogue,Search",350
simple,Favor,none,Enabled,20125,Happy Birthday Foil Tiara - 4ct,,Happy Birthday Foil Headbands.A great accessory for all the girls in the party!,none,"Catalogue,Search",249
simple,Favor,none,Enabled,20125,Happy Birthday Foil Tiara - 4ct,,Happy Birthday Foil Headbands.A great accessory for all the girls in the party!,none,"Catalogue,Search",249
simple,Accessory,none,Enabled,19137,Casino Party Round Plastic Tray,,"Casual bridge luncheons, poker parties and casino nights are transformed with our Card Night design. Coordinating party trays let hosts serve guests in style!",none,"Catalogue,Search",350
simple,Accessory,none,Enabled,19138,Casino Party Square Plastic Tray,,"Casual bridge luncheons, poker parties and casino nights are transformed with our Card Night design. Coordinating party trays let hosts serve guests in style!",none,"Catalogue,Search",350
simple,Tableware,none,Enabled,655101,Sweet at 1 Girl's Beverage Napkin,,Loveable zoo animals will make the birthday girl smile with delight! Coordinating beverage napkins are perfectly paired with larger napkins or great on their own when a larger napkin is not needed.,none,"Catalogue,Search",199
simple,Candle,none,Enabled,105694,First Birthday Angel Candle,,"Skater motifs go girly in pink, gray and black for the Lil' Angel's very important girls 1st birthday! Coordinated candles make the cake part of the theme.",none,"Catalogue,Search",250
simple,Candle,none,Enabled,105693,First Birthday Rebel Candle,,"Edgy, modern skater designs are crowd pleasers for celebrating the lil rebel's first birthday! Coordinated candles make the cake part of the theme.",none,"Catalogue,Search",250
simple,Tableware,none,Enabled,435019,"Lady Bug Round Lunch Plates 10.25"" - 8ct",,Our bestselling Ladybug Fancy ensemble is a must for your store! These coordinating banquet size plates are great for large meals!,none,"Catalogue,Search",299
simple,Tableware,none,Enabled,425019,"Lady Bug Shaped Plates 9"" - 8 ct",,Our bestselling Ladybug Fancy ensemble is a must for your store! Shaped plates are a party favorite.,none,"Catalogue,Search",350
simple,Tableware,none,Enabled,669019,Lady Bug Lunch Napkins 3 ply- 16ct,,Our bestselling Ladybug Fancy ensemble is a must for your store! Our coordinating lunch napkins are strong enough for any mess!,none,"Catalogue,Search",299
simple,Tableware,none,Enabled,725019,Lady Bug Tablecover 54' x 108',,Our bestselling Ladybug Fancy ensemble is a must for your store! Our coordinating tablecovers help set the scene for the party!,none,"Catalogue,Search",465
simple,Decoration,none,Enabled,299019,Lady Bug Birthday Banner,,"Our bestselling Ladybug Fancy ensemble is a must for your store! This coordinating party banner can be personalized with photos!Size: 7.75"" x 5.25"" x 0.25""",none,"Catalogue,Search",375
simple,Decoration,none,Enabled,295019,Lady Bug Letter Banner ,,"Our bestselling Ladybug Fancy ensemble is a must for your store! This coordinating party banner is great for decorating doors, mantels and walls, keeping the party atmosphere festive.Package Dimensions: 11.50"" x 8.50"" x 0.50""",none,"Catalogue,Search",575
simple,Decoration,none,Enabled,995019,Lady Bug Hanging Cutouts,,Our bestselling Ladybug Fancy ensemble is a must for your store! Coordinating cutouts add extra flair to the party's atmosphere.,none,"Catalogue,Search",399
simple,Balloons,none,Enabled,49019,Lady Bug Red/Black Polka Balloons - 6ct,,Our bestselling Ladybug Fancy ensemble is a must for your store! Coordinating balloons add to the festive atmosphere.,none,"Catalogue,Search",199
simple,Decoration,none,Enabled,265019,Lady Bug Centerpiece,,Our bestselling Ladybug Fancy ensemble is a must for your store! A coordinating centerpiece dresses up tablescapes while making a big party statement.,none,"Catalogue,Search",375
simple,Favor,none,Enabled,895019,Lady Bug Invites - 25ct,,Our bestselling Ladybug Fancy ensemble is a must for your store! Coordinating party invitations make it easy for hosts to keep the theme throughout the entire celebration!,none,"Catalogue,Search",750
simple,Favor,none,Enabled,95019,Lady Bug Cupcake Wrapper w/Picks,,Our bestselling Ladybug Fancy ensemble is a must for your store! Cupcake wrappers and toppers add fun detail to desserts.,none,"Catalogue,Search",199
simple,Favor,none,Enabled,75019,Lady Bug Cello Bags - 12ct,,Our bestselling Ladybug Fancy ensemble is a must for your store! Fill these coordinating cello bags with small party favors or sweet treats for each guest.,none,"Catalogue,Search",250
simple,Accessory,none,Enabled,25019,Lady Bug Confetti,,Our bestselling Ladybug Fancy ensemble is a must for your store! Printed confetti means PARTY!,none,"Catalogue,Search",199
simple,Favor,none,Enabled,85019,Lady Bug Box Favor,,Our bestselling Ladybug Fancy ensemble is a must for your store! Kid-sized coordinating favor boxes with handles are easy for little hands to carry.,none,"Catalogue,Search",199
simple,Accessory,none,Enabled,205019,Lady Bug Child Size Hat - 8ct,,Our bestselling Ladybug Fancy ensemble is a must for your store! Our adorable party hats make great accessories for birthday celebrations!,none,"Catalogue,Search",199
simple,Candle,none,Enabled,105893,Princess Pick Candle,,Every Princess dreams of her castle. Cooprdinated pick candles are a nice twist on regular candles for cakes and cupcakes.,none,"Catalogue,Search",250
simple,Tableware,none,Enabled,665103,Her Highness Lunch Napkins - 16ct,,There is no doubt who is the Princess of her special day with this regal design. Our coordinating lunch napkins are strong enough for any mess!,none,"Catalogue,Search",275
simple,Candle,none,Enabled,105482,Tea For You Molded Candle,,Every girl loves tea parties! Coordinated candles make the cake part of the theme.,none,"Catalogue,Search",330
simple,Candle,none,Enabled,105044,Garden Fairy Molded Candle,,The Garden Fairy visits your birthday party to make it magical! Coordinated candles make the cake part of the theme.,none,"Catalogue,Search",215
simple,Candle,none,Enabled,105044,Garden Fairy Molded Candle,,The Garden Fairy visits your birthday party to make it magical! Coordinated candles make the cake part of the theme.,none,"Catalogue,Search",215
simple,Candle,none,Enabled,105015,Sweet 16 Pick Candle,,"The Sweet Sixteen look comes together in a coordinating style that captures every girl's personality: frilly, feminine, fabulous and funky! Coordinated candles make the cake part of the theme.",none,"Catalogue,Search",275
simple,Candle,none,Enabled,105015,Sweet 16 Pick Candle,,"The Sweet Sixteen look comes together in a coordinating style that captures every girl's personality: frilly, feminine, fabulous and funky! Coordinated candles make the cake part of the theme.",none,"Catalogue,Search",275
simple,Accessory,none,Enabled,199015,Sweet 16 Bead Necklace,,"The Sweet Sixteen look comes together in a coordinating style that captures every girl's personality: frilly, feminine, fabulous and funky! Our bead necklaces add fun flair to partygoers outfits!",none,"Catalogue,Search",225
simple,Accessory,none,Enabled,199015,Sweet 16 Bead Necklace,,"The Sweet Sixteen look comes together in a coordinating style that captures every girl's personality: frilly, feminine, fabulous and funky! Our bead necklaces add fun flair to partygoers outfits!",none,"Catalogue,Search",225
simple,Favor,none,Enabled,41152,Butterflies & Flower Wand,,"Butterflies and flowers grace this lovely design, great for a summer, or anytime birthday party. Coordinating party wearables and accessories add extra fun to childrens' themed celebrations!",none,"Catalogue,Search",350
simple,Favor,none,Enabled,41152,Butterflies & Flower Wand,,"Butterflies and flowers grace this lovely design, great for a summer, or anytime birthday party. Coordinating party wearables and accessories add extra fun to childrens' themed celebrations!",none,"Catalogue,Search",350
simple,Favor,none,Enabled,15954,Princess Headband Stuffed w/Crown,,A magical celebration for her is in store with our Fairytale Princess collection. Coordinating party wearables add fun to childrens' themed celebrations!,none,"Catalogue,Search",375
simple,Favor,none,Enabled,15576,Jungle Animal Plastic Mask,,Wearables,none,"Catalogue,Search",149
simple,Favor,none,Enabled,15576,Jungle Animal Plastic Mask,,Wearables,none,"Catalogue,Search",149
simple,Favor,none,Enabled,15945,Color Your Own Animal Mask - 8ct,,The sweet and smiling jungle characters in this design make for a fun celebration! Color your own masks are fun!,none,"Catalogue,Search",299
simple,Favor,none,Enabled,15945,Color Your Own Animal Mask - 8ct,,The sweet and smiling jungle characters in this design make for a fun celebration! Color your own masks are fun!,none,"Catalogue,Search",299
simple,Accessory,none,Enabled,201185,Pirate Hats - 8ct,,Child Size paper Pirate Hats,none,"Catalogue,Search",299
simple,Favor,none,Enabled,199930,Main Attraction Flashing Button,,Our fun Big Top Birthday ensemble brings the circus right to the party! Our flashing party button makes for a fun circus accessory!,none,"Catalogue,Search",299
simple,Favor,none,Enabled,199930,Main Attraction Flashing Button,,Our fun Big Top Birthday ensemble brings the circus right to the party! Our flashing party button makes for a fun circus accessory!,none,"Catalogue,Search",299
simple,Accessory,none,Enabled,895130,Big Top Birthday Invites - 25ct,,Our fun Big Top Birthday ensemble brings the circus right to the party! Coordinating party invitations make it easy for hosts to keep the theme throughout the entire celebration!,none,"Catalogue,Search",350
simple,Accessory,none,Enabled,895130,Big Top Birthday Invites - 25ct,,Our fun Big Top Birthday ensemble brings the circus right to the party! Coordinating party invitations make it easy for hosts to keep the theme throughout the entire celebration!,none,"Catalogue,Search",350
simple,Tableware,none,Enabled,375040,Barnyard Fun 9oz Paper Cups - 8ct,,Adorable barnyard animals make the party extra memorable! Coordinating hot/cold cups make party set up and clean up a snap.,none,"Catalogue,Search",225
simple,Tableware,none,Enabled,375040,Barnyard Fun 9oz Paper Cups - 8ct,,Adorable barnyard animals make the party extra memorable! Coordinating hot/cold cups make party set up and clean up a snap.,none,"Catalogue,Search",225
simple,Accessory,none,Enabled,199540,Barnyard Fun Favor Game,,Adorable barnyard animals make the party extra memorable! Coordinating party games are a fun way to keep guests entertained!,none,"Catalogue,Search",450
simple,Accessory,none,Enabled,199540,Barnyard Fun Favor Game,,Adorable barnyard animals make the party extra memorable! Coordinating party games are a fun way to keep guests entertained!,none,"Catalogue,Search",450
simple,Decoration,none,Enabled,291685,Cupcake Blow & Dots Birthday Banner,,"How many candles can you fit on a cupcake? This coordinating party banner is great for decorating doors, mantels and walls, keeping the party atmosphere festive.",none,"Catalogue,Search",550
simple,Decoration,none,Enabled,291487,Life is Great Giant Party Banner w/Stickers,,"Life is Great with this fun and festive birthday design! This coordinating party banner is great for decorating doors, mantels and walls, keeping the party atmosphere festive.",none,"Catalogue,Search",550
simple,Decoration,none,Enabled,291487,Life is Great Giant Party Banner w/Stickers,,"Life is Great with this fun and festive birthday design! This coordinating party banner is great for decorating doors, mantels and walls, keeping the party atmosphere festive.",none,"Catalogue,Search",550
simple,Decoration,none,Enabled,291487,Life is Great Giant Party Banner w/Stickers,,"Life is Great with this fun and festive birthday design! This coordinating party banner is great for decorating doors, mantels and walls, keeping the party atmosphere festive.",none,"Catalogue,Search",550
simple,Decoration,none,Enabled,291487,Life is Great Giant Party Banner w/Stickers,,"Life is Great with this fun and festive birthday design! This coordinating party banner is great for decorating doors, mantels and walls, keeping the party atmosphere festive.",none,"Catalogue,Search",550
simple,Candle,none,Enabled,100102,50th Birthday Candle,,Molded Numeral Candle-50 with balloons,none,"Catalogue,Search",215
simple,Candle,none,Enabled,100100,30th Birthday Candle,,Molded Numeral Candle-30 with balloons,none,"Catalogue,Search",215
simple,Candle,none,Enabled,100103,60th Birthday Candle,,Molded Numeral Candle-60 with balloons,none,"Catalogue,Search",215
simple,Candle,none,Enabled,101046,Happy Birthday Spiral Candle,,Happy Birthday Spiral Printed Candles,none,"Catalogue,Search",199
simple,Candle,none,Enabled,101031,Pink & Green Striped Candle,,Striped Candles-12 ct,none,"Catalogue,Search",199
simple,Candle,none,Enabled,100109,Happy Birthday Round Pick Candle,,Brights Round Pick Candle Letter Sets,none,"Catalogue,Search",350
simple,Candle,none,Enabled,104200,Balloon Candle 0,,Numeral Candle with Balloon,none,"Catalogue,Search",149
simple,Candle,none,Enabled,104201,Balloon Candle 1,,Numeral Candle with Balloon,none,"Catalogue,Search",149
simple,Candle,none,Enabled,104202,Balloon Candle 2,,Numeral Candle with Balloon,none,"Catalogue,Search",149
simple,Candle,none,Enabled,104203,Balloon Candle 3,,Numeral Candle with Balloon,none,"Catalogue,Search",149
simple,Candle,none,Enabled,104204,Balloon Candle 4,,Numeral Candle with Balloon,none,"Catalogue,Search",149
simple,Candle,none,Enabled,104205,Balloon Candle 5,,Numeral Candle with Balloon,none,"Catalogue,Search",149
simple,Candle,none,Enabled,104206,Balloon Candle 6,,Numeral Candle with Balloon,none,"Catalogue,Search",149
simple,Candle,none,Enabled,104207,Balloon Candle 7,,Numeral Candle with Balloon,none,"Catalogue,Search",149
simple,Candle,none,Enabled,104208,Balloon Candle 8,,Numeral Candle with Balloon,none,"Catalogue,Search",149
simple,Candle,none,Enabled,104209,Balloon Candle 9,,Numeral Candle with Balloon,none,"Catalogue,Search",149
simple,Candle,none,Enabled,101712,Happy Birthday Glitter Candle,,Glitter Pick Candle Sets,none,"Catalogue,Search",250
simple,Decoration,none,Enabled,290129,Anniversary Wishes Circle Ribbon Banner,,Anniversary Banner with Stickers,none,"Catalogue,Search",450
simple,Decoration,none,Enabled,290129,Anniversary Wishes Circle Ribbon Banner,,Anniversary Banner with Stickers,none,"Catalogue,Search",450
simple,Favor,none,Enabled,94002,Birthday Princess Sash,,Wearables,none,"Catalogue,Search",375
simple,Favor,none,Enabled,991029,Birthday Queen Sash,,Wearables,none,"Catalogue,Search",375
simple,Favor,none,Enabled,991028,Birthday King Sash,,Wearables,none,"Catalogue,Search",375
simple,Decoration,none,Enabled,21062,Silver Star Confetti,,Star Shaped Confettis,none,"Catalogue,Search",199
simple,Decoration,none,Enabled,2503,Purple Star Confetti,,Star Shaped Confettis,none,"Catalogue,Search",199
simple,Decoration,none,Enabled,21064,Gold Star Confetti,,Star Shaped Confettis,none,"Catalogue,Search",199
simple,Accessory,none,Enabled,10744,Bahama Tooth Picks w/Frills - 14ct,,Our Bahama design will help create the perfect island-themed luau party! These coordinating plastic party picks add detail to any appetizer or dessert.,none,"Catalogue,Search",250
simple,Favor,none,Enabled,1742,Paper Parasol Picks - 12ct,,Umbrella Picks-24ct,none,"Catalogue,Search",199
simple,Favor,none,Enabled,54033,Flip Flop Plastic Tray,,A must have Snack tray for all Pool Parties!,none,"Catalogue,Search",350
simple,Decoration,none,Enabled,33101,Martini & Heels Danglers,,"Our Pink collection is perfect for Girls Night Out, or Bachelorette Parties! Party danglers add pizazz to the party decorations!",none,"Catalogue,Search",349
simple,Accessory,none,Enabled,13106,High Heel Plastic Stirrers,,"Our Pink collection is perfect for Girls Night Out, or Bachelorette Parties! Party picks are a great way to add detail to complete the party theme!",none,"Catalogue,Search",299
simple,Accessory,none,Enabled,93103,Girls Night Out light Up Button,,"Our Pink collection is perfect for Girls Night Out, or Bachelorette Parties! Let everyone know what you are celebrating with a flashing button.",none,"Catalogue,Search",315
simple,Accessory,none,Enabled,93102,Bachelorette Party Light Up Button,,"Our Pink collection is perfect for Girls Night Out, or Bachelorette Parties! Let everyone know what you are celebrating with a flashing button.",none,"Catalogue,Search",315
simple,Candle,none,Enabled,101040,Glitter Hearts Pick Candle,,Glitter Pink Hearts Pick Candle Sets,none,"Catalogue,Search",299
simple,Candle,none,Enabled,101040,Glitter Hearts Pick Candle,,Glitter Pink Hearts Pick Candle Sets,none,"Catalogue,Search",299
simple,Candle,none,Enabled,101574,Baby Shower Glitter Pick Candle,,Baby Shower Pick Candles,none,"Catalogue,Search",299
simple,Candle,none,Enabled,101574,Baby Shower Glitter Pick Candle,,Baby Shower Pick Candles,none,"Catalogue,Search",299
simple,Favor,none,Enabled,94701,Grand Ma Satin Sash,,Wearables,none,"Catalogue,Search",375
simple,Favor,none,Enabled,94701,Grand Ma Satin Sash,,Wearables,none,"Catalogue,Search",375
simple,Favor,none,Enabled,94701,Grand Ma Satin Sash,,Wearables,none,"Catalogue,Search",375
simple,Favor,none,Enabled,94701,Grand Ma Satin Sash,,Wearables,none,"Catalogue,Search",375
simple,Candle,none,Enabled,104210,Happy Birthday Pick Candle w/Icons,,Happy Birthday Candle with a hat and a gift box,none,"Catalogue,Search",350
simple,Tableware,none,Enabled,471031B,9' Plate Paper Classic Red - 24ct,,"It all starts with color! With a world of color options, our Touch of Color program offers a rainbow of opportunities. Dinner size plates are perfect for a meal or party snacks, and make clean up a snap!",none,"Catalogue,Search",375
simple,Tableware,none,Enabled,561031B,9oz Classic Red Paper Cups - 24ct,,"It all starts with color! With a world of color options, our Touch of Color program offers a rainbow of opportunities. Coordinating hot/cold cups make party set up and clean up a snap.",none,"Catalogue,Search",349
simple,Tableware,none,Enabled,10463,Premium Plastic Red Forks - 24ct,,"It all starts with color! With a world of color options, our Touch of Color program offers a rainbow of opportunities. Need just forks? Our mix & match solid color forks make a bold statement when entertaining guests.",none,"Catalogue,Search",250
simple,Tableware,none,Enabled,10553,Premium Plastic Red Spoons - 24ct,,"It all starts with color! With a world of color options, our Touch of Color program offers a rainbow of opportunities. Need just spoons? Our mix & match solid color spoons make a bold statement when entertaining guests.",none,"Catalogue,Search",250
simple,Tableware,none,Enabled,56191B,9oz Sun Kissed Orange Paper Cups - 24ct,,"It all starts with color! With a world of color options, our Touch of Color program offers a rainbow of opportunities. Coordinating hot/cold cups make party set up and clean up a snap.",none,"Catalogue,Search",349
simple,Tableware,none,Enabled,10613,Premium Plastic Sun Kissed Orange Forks - 24ct,,"It all starts with color! With a world of color options, our Touch of Color program offers a rainbow of opportunities. Need just forks? Our mix & match solid color forks make a bold statement when entertaining guests.",none,"Catalogue,Search",250
simple,Tableware,none,Enabled,10615,Premium Plastic Sun Kissed Orange Spoons - 24ct,,"It all starts with color! With a world of color options, our Touch of Color program offers a rainbow of opportunities. Need just spoons? Our mix & match solid color spoons make a bold statement when entertaining guests.",none,"Catalogue,Search",250
simple,Tableware,none,Enabled,473042B,9' Plate Paper Candie Pink - 24ct,,"It all starts with color! With a world of color options, our Touch of Color program offers a rainbow of opportunities. Dinner size plates are perfect for a meal or party snacks, and make clean up a snap!",none,"Catalogue,Search",375
simple,Tableware,none,Enabled,563042B,9oz Candie Pink Paper Cups - 24ct,,"It all starts with color! With a world of color options, our Touch of Color program offers a rainbow of opportunities. Coordinating hot/cold cups make party set up and clean up a snap.",none,"Catalogue,Search",349
simple,Tableware,none,Enabled,11347,Premium Plastic Candie Pink Forks - 24ct,,"It all starts with color! With a world of color options, our Touch of Color program offers a rainbow of opportunities. Need just forks? Our mix & match solid color forks make a bold statement when entertaining guests.",none,"Catalogue,Search",250
simple,Tableware,none,Enabled,11349,Premium Plastic Candie Pink Spoons - 24ct,,"It all starts with color! With a world of color options, our Touch of Color program offers a rainbow of opportunities. Need just spoons? Our mix & match solid color spoons make a bold statement when entertaining guests.",none,"Catalogue,Search",250
simple,Tableware,none,Enabled,471039B,9' Plate Paper Bermuda Blue - 24ct,,"It all starts with color! With a world of color options, our Touch of Color program offers a rainbow of opportunities. Dinner size plates are perfect for a meal or party snacks, and make clean up a snap!",none,"Catalogue,Search",375
simple,Tableware,none,Enabled,561039B,9oz Bermuda Blue Paper Cups - 24ct,,"It all starts with color! With a world of color options, our Touch of Color program offers a rainbow of opportunities. Coordinating hot/cold cups make party set up and clean up a snap.",none,"Catalogue,Search",349
simple,Tableware,none,Enabled,10617,Premium Plastic Bermuda Blue Forks - 24ct,,"It all starts with color! With a world of color options, our Touch of Color program offers a rainbow of opportunities. Need just forks? Our mix & match solid color forks make a bold statement when entertaining guests.",none,"Catalogue,Search",250
simple,Tableware,none,Enabled,10619,Premium Plastic Bermuda Blue Spoons - 24ct,,"It all starts with color! With a world of color options, our Touch of Color program offers a rainbow of opportunities. Need just spoons? Our mix & match solid color spoons make a bold statement when entertaining guests.",none,"Catalogue,Search",250
simple,Tableware,none,Enabled,661031B,Lunch Napkins Red - 50ct,,"It all starts with color! With a world of color options, our Touch of Color program offers a rainbow of opportunities. Our lunch sized napkins work for any meal or party, and with so many colors, they coordinate with anything!",none,"Catalogue,Search",349
simple,Tableware,none,Enabled,1393521,Lunch Napkins Sun Kissed Orange - 50ct,,"It all starts with color! With a world of color options, our Touch of Color program offers a rainbow of opportunities. Our lunch sized napkins work for any meal or party, and with so many colors, they coordinate with anything!",none,"Catalogue,Search",349
simple,Tableware,none,Enabled,47191B ,9' Plate Paper Sun Kissed Orange - 24ct,,"It all starts with color! With a world of color options, our Touch of Color program offers a rainbow of opportunities. Dinner size plates are perfect for a meal or party snacks, and make clean up a snap!",none,"Catalogue,Search",375
simple,Tableware,none,Enabled,663042B,Lunch Napkins Candie Pink - 50ct,,"It all starts with color! With a world of color options, our Touch of Color program offers a rainbow of opportunities. Our lunch sized napkins work for any meal or party, and with so many colors, they coordinate with anything!",none,"Catalogue,Search",349
simple,Tableware,none,Enabled,661039B,Lunch Napkins Bermuda Blue - 50ct,,"It all starts with color! With a world of color options, our Touch of Color program offers a rainbow of opportunities. Our lunch sized napkins work for any meal or party, and with so many colors, they coordinate with anything!",none,"Catalogue,Search",349
simple,Tableware,none,Enabled,47102B ,9' Plate Paper Mimosa Yellow - 24ct,,"It all starts with color! With a world of color options, our Touch of Color program offers a rainbow of opportunities. Dinner size plates are perfect for a meal or party snacks, and make clean up a snap!",none,"Catalogue,Search",375
simple,Tableware,none,Enabled,56102B ,9oz Mimosa Yellow Paper Cups - 24ct,,"It all starts with color! With a world of color options, our Touch of Color program offers a rainbow of opportunities. Coordinating hot/cold cups make party set up and clean up a snap.",none,"Catalogue,Search",349
simple,Tableware,none,Enabled,1391801,Lunch Napkins Mimosa Yellow - 50ct,,"It all starts with color! With a world of color options, our Touch of Color program offers a rainbow of opportunities. Our lunch sized napkins work for any meal or party, and with so many colors, they coordinate with anything!",none,"Catalogue,Search",349
simple,Tableware,none,Enabled,10560,Premium Plastic Mimosa Yellow Spoons - 24ct,,"It all starts with color! With a world of color options, our Touch of Color program offers a rainbow of opportunities. Need just spoons? Our mix & match solid color spoons make a bold statement when entertaining guests.",none,"Catalogue,Search",250
simple,Tableware,none,Enabled,10472,Premium Plastic Mimosa Yellow Forks - 24ct,,"It all starts with color! With a world of color options, our Touch of Color program offers a rainbow of opportunities. Need just forks? Our mix & match solid color forks make a bold statement when entertaining guests.",none,"Catalogue,Search",250
simple,Tableware,none,Enabled,19189,Mini Snack Tray Heart - 1ct,,"Casual bridge luncheons, poker parties and casino nights are transformed with our Card Night design. Coordinating mini party trays let hosts serve guests snacks in style!",none,"Catalogue,Search",99
simple,Tableware,none,Enabled,19130,Mini Snack Tray Club - 1ct,,"Casual bridge luncheons, poker parties and casino nights are transformed with our Card Night design. Coordinating mini party trays let hosts serve guests snacks in style!",none,"Catalogue,Search",99
simple,Tableware,none,Enabled,19131,Mini Snack Tray Diamond - 1ct,,"Casual bridge luncheons, poker parties and casino nights are transformed with our Card Night design. Coordinating mini party trays let hosts serve guests snacks in style!",none,"Catalogue,Search",99
simple,Tableware,none,Enabled,19132,Mini Snack Tray Spade - 1ct,,"Casual bridge luncheons, poker parties and casino nights are transformed with our Card Night design. Coordinating mini party trays let hosts serve guests snacks in style!",none,"Catalogue,Search",99
simple,Tableware,none,Enabled,50630,Card Party Coasters - 6ct,,"Casual bridge luncheons, poker parties and casino nights are transformed with our Card Night design. Corresponding coasters are great for unwanted cup rings!",none,"Catalogue,Search",299
simple,Tableware,none,Enabled,428630,9' Lunch Plate Card Night - 8ct,,"Casual bridge luncheons, poker parties and casino nights are transformed with our Card Night design. These coordinating dinner size plates are perfect for a meal or party snacks, and make clean up a snap!",none,"Catalogue,Search",250
simple,Tableware,none,Enabled,418630,7' Dessert Plate Card Night - 8ct,,"Casual bridge luncheons, poker parties and casino nights are transformed with our Card Night design. Coordinating luncheon size plates are perfect for snacks and cake or dessert",none,"Catalogue,Search",199
simple,Tableware,none,Enabled,668630,Card Night Lunch Napkins - 16ct,,"Casual bridge luncheons, poker parties and casino nights are transformed with our Card Night design. Our coordinating lunch napkins are strong enough for any mess!",none,"Catalogue,Search",250
simple,Tableware,none,Enabled,728630,Card Night Plastic Tablecover 54' x 108',,"Casual bridge luncheons, poker parties and casino nights are transformed with our Card Night design. Our coordinating tablecovers help set the scene for the party!",none,"Catalogue,Search",465
simple,Tableware,none,Enabled,378630,9oz Card Night Paper Cups - 8ct,,"Casual bridge luncheons, poker parties and casino nights are transformed with our Card Night design. Coordinating hot/cold cups make party set up and clean up a snap.",none,"Catalogue,Search",250
